Question,Embedding
Generate a representation for this sentence: Ellipsis,"[-0.00246142  0.03085442 -0.03989628 ... -0.01590411  0.04369446
 -0.01496491]"
Generate a representation for this sentence: Ellipsis,"[-0.00246142  0.03085442 -0.03989628 ... -0.01590411  0.04369446
 -0.01496491]"
